{"time":{"0":2,"1":3,"2":4,"3":5,"4":6,"5":7,"6":8,"7":9,"8":10,"9":11,"10":12,"11":13,"12":14,"13":15,"14":16,"15":17,"16":18,"17":19},"dup ack %":{"0":0.0769230769,"1":0.0438404209,"2":0.0367265469,"3":0.0639284531,"4":0.0369465649,"5":0.044600939,"6":0.0569877883,"7":0.0573698147,"8":0.0300913487,"9":0.0526315789,"10":0.0573486263,"11":0.0322580645,"12":0.024,"13":0.045686901,"14":0.0263157895,"15":0.055408971,"16":0.0457354759,"17":0.0260247235}}