{"dups":{"0":0.0400158482,"1":0.0722520802,"2":0.0562571637,"3":0.0472698354,"4":0.0685695347,"5":0.04352383,"6":0.0719029215,"7":0.0629376292,"8":0.0678991189},"speed":{"0":57.0,"1":55.0,"2":61.5,"3":97.5,"4":49.0,"5":80.0,"6":50.0,"7":70.6,"8":73.0},"addrs":{"0":11,"1":1,"2":10,"3":1,"4":13,"5":1,"6":1,"7":3,"8":4},"coords":{"0":[41.69804016,-86.2431617162],"1":[41.6980422388,-86.2431625757],"2":[41.6980427391,-86.2431575804],"3":[41.698045935,-86.2431667901],"4":[41.6980437275,-86.2431679923],"5":[41.6985199658,-86.2339790148],"6":[41.6980448719,-86.2431438046],"7":[41.6980518963,-86.2431440799],"8":[41.6980587929,-86.2431424671]}}