{"time":{"0":1,"1":2,"2":3,"3":4,"4":5,"5":6,"6":7,"7":8},"dup ack %":{"0":0.0332302937,"1":0.0435888122,"2":0.05,"3":0.0447886145,"4":0.0497218359,"5":0.0427827381,"6":0.0409988818,"7":0.0411522634}}