{"time":{"0":1,"1":2,"2":3,"3":4,"4":5,"5":6,"6":7,"7":8,"8":9,"9":10,"10":11,"11":12,"12":13,"13":14,"14":15,"15":16,"16":17,"17":18,"18":19},"dup ack %":{"0":0.0653720723,"1":0.0562118126,"2":0.0707833555,"3":0.066708036,"4":0.0797992472,"5":0.0648805214,"6":0.0743989604,"7":0.0754810064,"8":0.0666029318,"9":0.0711733993,"10":0.0714489041,"11":0.0642879598,"12":0.0513068732,"13":0.0797308904,"14":0.0630184835,"15":0.0771361913,"16":0.0626062323,"17":0.0604577743,"18":0.0686786067}}