{"time":{"0":1,"1":2,"2":3,"3":4,"4":5,"5":6,"6":7,"7":8,"8":9,"9":10,"10":11,"11":12,"12":13,"13":14,"14":15,"15":16,"16":17,"17":18},"dup ack %":{"0":0.1418269231,"1":0.0218430034,"2":0.083559414,"3":0.1788577154,"4":0.2021227503,"5":0.0115606936,"6":0.0726851852,"7":0.0220833333,"8":0.0263157895,"9":0.0837182448,"10":0.0978816654,"11":0.044,"12":0.1167711599,"13":0.047108512,"14":0.0179812015,"15":0.1225364182,"16":0.1264542236,"17":0.0140210315}}