{"time":{"0":1,"1":2,"2":3,"3":4,"4":5,"5":6,"6":7,"7":8,"8":9},"dup ack %":{"0":0.0602965404,"1":0.067983925,"2":0.064147018,"3":0.0831151832,"4":0.062520566,"5":0.0637562814,"6":0.0557911909,"7":0.085807386,"8":0.0737077218}}