{"time":{"0":1,"1":2,"2":3,"3":4,"4":5,"5":6,"6":7},"dup ack %":{"0":0.0572916667,"1":0.0889967638,"2":0.0706349206,"3":0.0867302689,"4":0.07956778,"5":0.0698324022,"6":0.104}}