{"time":{"0":1,"1":2,"2":3,"3":4,"4":5,"5":6,"6":7,"7":8,"8":9,"9":10,"10":11,"11":12,"12":13,"13":14,"14":15,"15":16,"16":17,"17":18},"dup ack %":{"0":0.0435494881,"1":0.0680213287,"2":0.047112462,"3":0.087930509,"4":0.0686523307,"5":0.0773881499,"6":0.0729571984,"7":0.049961568,"8":0.0888036584,"9":0.0285123967,"10":0.0578558226,"11":0.0665809401,"12":0.0407838983,"13":0.0889060092,"14":0.0676038339,"15":0.0772789116,"16":0.0390870934,"17":0.0618917275}}