{"time":{"0":1,"1":2,"2":3,"3":4,"4":5,"5":6,"6":7,"7":8},"dup ack %":{"0":0.077036491,"1":0.0256690333,"2":0.0192502533,"3":0.0083791568,"4":0.1154618474,"5":0.0116240452,"6":0.0111546578,"7":0.0449897751}}