{"time":{"0":1,"1":2,"2":3,"3":4,"4":5,"5":6,"6":7,"7":8,"8":9,"9":10,"10":11,"11":12,"12":13,"13":14,"14":15,"15":16,"16":17,"17":18},"dup ack %":{"0":0.0818181818,"1":0.045570427,"2":0.0737394346,"3":0.0225970719,"4":0.0490589324,"5":0.0256959315,"6":0.0758272059,"7":0.0221052632,"8":0.0581162325,"9":0.0893546608,"10":0.0817547358,"11":0.0414610069,"12":0.1063138347,"13":0.085440279,"14":0.0548166062,"15":0.0333029197,"16":0.0936871733,"17":0.0242701372}}