{"time":{"0":1,"1":2,"2":3,"3":4,"4":5,"5":6,"6":7,"7":8,"8":9,"9":10,"10":11,"11":12,"12":13,"13":14,"14":15,"15":16,"16":17,"17":18},"dup ack %":{"0":0.0565878378,"1":0.0433811802,"2":0.038490284,"3":0.0675879397,"4":0.0395235517,"5":0.012803532,"6":0.0619610348,"7":0.0395061728,"8":0.0503307449,"9":0.0169204738,"10":0.0556291391,"11":0.0538101604,"12":0.0675854757,"13":0.0331196581,"14":0.0593962999,"15":0.0268640351,"16":0.0363391655,"17":0.0453904708}}