{"time":{"0":1,"1":2,"2":3,"3":4,"4":5,"5":6,"6":7,"7":8,"8":9,"9":10,"10":11,"11":12,"12":13,"13":14,"14":15,"15":16,"16":17,"17":18},"dup ack %":{"0":0.0464247599,"1":0.0698782425,"2":0.0460405157,"3":0.0634878114,"4":0.0730113636,"5":0.0667427268,"6":0.0457227139,"7":0.067828723,"8":0.0218855219,"9":0.0797373358,"10":0.0694769711,"11":0.0695061406,"12":0.0708745654,"13":0.0625368732,"14":0.0690429413,"15":0.0739030023,"16":0.0783051757,"17":0.0448213204}}