{"time":{"0":1,"1":2,"2":3,"3":4,"4":5,"5":6,"6":7,"7":8,"8":9,"9":10,"10":11,"11":12,"12":13,"13":15,"14":16,"15":17,"16":18,"17":19},"dup ack %":{"0":0.0643102602,"1":0.0991410165,"2":0.0875081327,"3":0.0109852386,"4":0.0187110187,"5":0.1158465711,"6":0.1046758767,"7":0.0566313482,"8":0.0069686411,"9":0.0910224439,"10":0.0385438972,"11":0.2095490716,"12":0.0469483568,"13":0.0630733945,"14":0.1179487179,"15":0.1493631802,"16":0.0648336728,"17":0.0257731959}}